"","bli","gdp_growth","gfcf_growth","gii","recovery_rate","time","cost","wb_resolving_insolvency"
"bli",NA,0.703371754960889,0.692770004085271,0.749141641212684,0.700682646930145,0.571689318155559,0.484858741491349,0.626298830159922
"gdp_growth",0.703371754960889,NA,0.000278385835848383,0.307691174298115,0.00173699705754671,0.00814326134802679,0.00228916316908312,0.167831003778744
"gfcf_growth",0.692770004085271,0.000278385835848383,NA,0.446675937255272,8.2383234123462e-05,0.0262243252625065,0.00573602745363733,0.00745491747667248
"gii",0.749141641212684,0.307691174298115,0.446675937255272,NA,0.977724556218037,0.969703148929374,0.761822798751419,0.110911224331945
"recovery_rate",0.700682646930145,0.00173699705754671,8.2383234123462e-05,0.977724556218037,NA,0.000120159469607639,5.98860297529313e-06,0.0412402962397713
"time",0.571689318155559,0.00814326134802679,0.0262243252625065,0.969703148929374,0.000120159469607639,NA,6.66750556099771e-07,0.149964939457969
"cost",0.484858741491349,0.00228916316908312,0.00573602745363733,0.761822798751419,5.98860297529313e-06,6.66750556099771e-07,NA,0.0620770017353245
"wb_resolving_insolvency",0.626298830159922,0.167831003778744,0.00745491747667248,0.110911224331945,0.0412402962397713,0.149964939457969,0.0620770017353245,NA
